;2Nx2N;2NxN;Nx2N;NxN;2NxnU;2NxnD;nLx2N;nRx2N;
0;0.0625;0.0135646;0.0230082;0;0.000171703;0;0.000343407;0.000343407;
1;0.29078;0.0324948;0.0638736;0;0.00214629;0.00210337;0.00313359;0.0039921;
2;0.293709;0.027333;0.0498691;0;0.00162045;0.00144875;0.00340187;0.00309066;
3;0.0938976;0.0056045;0.0108763;0.0106939;0;0;0;0;


;INTER;INTRA;SKIP;
0;0.0669643;0.00103022;0.0319368;
1;0.235105;0.0260989;0.13732;
2;0.192329;0.0511569;0.136987;
3;0.0481064;0.0333668;0.0395991;


;mSAD operations;mSSE operations;mSATD operations;mTransforms;mADD operations;mSUB operations;mMUL operations;
0;5.15972;0.372028;0.64117;0.294156;51011.3;35299.9;19645
1;5.11076;0.430612;0.735738;0.333817;51412.5;37026.3;18884.6
2;4.46109;0.352056;0.622575;0.221677;35378.2;30776.8;7835.3
3;1.57519;0.190512;0.484627;0.105446;15391;14292;2631.42
